{
	"info": {
		"_postman_id": "unique-id",
		"name": "Hardware Products API",
		"description": "Collection for testing the Hardware Products REST API",
		"schema": "https://schema.getpostman.com/json/collection/v2.1.0/collection.json"
	},
	"item": [
		{
			"name": "Products",
			"item": [
				{
					"name": "Get All Products",
					"request": {
						"method": "GET",
						"header": [
							{
								"key": "X-API-Key",
								"value": "{{apiKey}}",
								"type": "text"
							}
						],
						"url": {
							"raw": "{{baseUrl}}/products",
							"host": ["{{baseUrl}}"],
							"path": ["products"]
						}
					}
				},
				{
					"name": "Create Product",
					"request": {
						"method": "POST",
						"header": [
							{
								"key": "X-API-Key",
								"value": "{{apiKey}}",
								"type": "text"
							}
						],
						"body": {
							"mode": "raw",
							"raw": "{\n    \"name\": \"Gaming Monitor\",\n    \"category\": \"Visual\",\n    \"price\": 699.99,\n    \"stock\": 10\n}",
							"options": {
								"raw": {
									"language": "json"
								}
							}
						},
						"url": {
							"raw": "{{baseUrl}}/products",
							"host": ["{{baseUrl}}"],
							"path": ["products"]
						}
					}
				}
			]
		}
	],
	"event": [
		{
			"listen": "prerequest",
			"script": {
				"type": "text/javascript",
				"exec": [""]
			}
		},
		{
			"listen": "test",
			"script": {
				"type": "text/javascript",
				"exec": [""]
			}
		}
	],
	"variable": [
		{
			"key": "baseUrl",
			"value": "http://localhost:8080",
			"type": "string"
		},
		{
			"key": "apiKey",
			"value": "default-dev-key",
			"type": "string"
		}
	]
}